Frequency,Amplitude,Pitches,Angles,Side Bias,Mood,Image Url,Timestamps
0.0,0.370878023082513,"[1.287766289539062, -0.6443728426703144, -0.5253603403391729, -0.3115373085299091, -0.7790527858063054, -0.9420429653759809, -1.086209575645257, 1.3726886190478953, 0.07191892039209344, 1.1268742434538834, 1.2558268227459952, 1.470483694744611, 1.3695427466551244, -1.4324124758739765, -0.9144123705070386, -1.1062530215875557, -0.8880898278831787, -0.9579938960497648, -0.6299499405454915, -1.2722202088492731, -0.5509957663109019, -1.1995798301944574, -0.5948105493331954, -0.6285581854567299, -0.7162388640959683, -0.6871913417016688, -1.2427546059131438, -0.6753512780919957, -0.6725630086046519, -0.6552841139334864, -0.6916889150841355, -0.7101958418832128, -0.7379802510206088, -0.726792930544351, -0.748590400030182, -0.7683179139541505, -0.76736781986194, -0.7838953933511668, -0.8009165121627219, -0.8107654651535924, -0.8105437420598778, -0.8042855353279572, -0.8142337092399305, -0.8151685566165846, -0.792864929999607, -0.8306247063813622, -0.8747953212408855, -0.8433341916101946, -0.8302907216210659, -0.8575187875417184, -0.8653028583800136, -0.8885003567872376, -0.8823171003543532, -0.8562503708933094, -0.8408187748597217, -0.8617679706720244, -0.8693496679612346, -0.8673528506332736, -0.8699488834748145, -0.8847914951297415, -0.8991408896872011, -0.9049268943565264, -0.9059817553970639, -0.8501665234704863, -0.9125760351493687, -0.9286272335075236, -0.8945768351040738, -0.9162755387379181, -0.9149971426086129, -0.9271587756952071, -0.9315248212912887, -0.9199655453912153, -0.9128974067197696, -0.92679665484875, -0.9444886854150699, -0.9336396857494503, -0.9656941328505549, -0.9642278776824272, -0.9454849965359878, -0.9822904546282821, -0.9531983713371028, -0.9323205088602428, -1.0275054545450697, -0.9523060972448576, -0.9389743935841608, -1.0285541126442699, -0.956021069664429, -0.9993654302461873, -0.9992236010125215, -0.9672936921919125, -0.9823662897193531, -0.9395442788534062, -0.945418967496758, -0.9611302445498162, -0.9503025371452458, -0.9676007559670631, -0.9300147551586689, -0.9198827803591473, -0.9171947816814837, -0.9670534301932824, -0.9188210184489294, -0.903206563575256, -0.8934896362215162, -0.972133887286463, -0.8395237846474152, -0.937585872220938, -0.930109205402302]","[0.6154326933781981, 0.03396683252486247, 0.7619819645259492, 0.46356304143608046, 0.45471846023607854, 0.17555994906679742, 0.1458907527567331, 0.42754369825955185, 0.2929794094198188, 0.1869858162161998, 0.14857793896878596, 0.09575773997629757, 0.1703049893132711, 0.008018367777590598, 0.5335131645244294, 0.2756151701060678, 0.609156174859053, 0.5942479567238609, 0.5567205373960352, 0.34517367266714666, 0.34902746692522774, 0.38143012553015426, 0.27490596109299426, 0.32380217936898786, 0.42782719423574544, 0.33707865996018826, 0.24356610004423845, 0.3035593948551192, 0.32185052455834856, 0.2925234515550961, 0.28092309208953653, 0.2861694541927358, 0.29393075393148604, 0.27026401801278216, 0.27532878056288934, 0.2722820718909258, 0.2803304593252772, 0.32410941012043737, 0.30066134849899506, 0.29690870340616676, 0.3111145521501206, 0.27041622231152884, 0.30784504980541766, 0.31757421137699304, 0.2632587729115731, 0.331314692206445, 0.4152094039941435, 0.34601507649634766, 0.2853319001763657, 0.3405929941494463, 0.36172694261223615, 0.37298751984986184, 0.35440292807481144, 0.3521859453621632, 0.37163098134256484, 0.38947524239455167, 0.3768754383857817, 0.4085089410584294, 0.48555333106453313, 0.39105805134901706, 0.3838023505741356, 0.42165538289078197, 0.3940774907511495, 0.438355607767252, 0.3703845657422391, 0.37414502468747596, 0.36664740081805225, 0.41434558976312347, 0.4350077286601826, 0.4320613619994243, 0.3616630811574039, 0.3709945483866328, 0.43357324723663887, 0.4554161315894155, 0.324839143895669, 0.3703715300318236, 0.3692326689027766, 0.3757416733907547, 0.42625116895225934, 0.3903360964669546, 0.35625979541379593, 0.3644597921383674, 0.4795295964269633, 0.3165901596835328, 0.3684882375509774, 0.4470672485906799, 0.3801005033474086, 0.3622029911758173, 0.3768085279463065, 0.3863698775728432, 0.4126697233767533, 0.4078025854160215, 0.3056984449479177, 0.3406978195042208, 0.3019205981124063, 0.41952729482138074, 0.4255678692925992, 0.302773523980408, 0.30792181464211305, 0.4148024057061974, 0.30236467184819804, 0.30686150564907294, 0.17108952281525472, 0.4415252585342627, 0.3500191528240403, 0.30129551225618395, 0.5734778301803812]",-0.40518587215487567,happy,,"[1.65013783e+09 1.65013783e+09 1.65013783e+09 1.65013783e+09
 1.65013783e+09 1.65013783e+09 1.65013783e+09 1.65013783e+09
 1.65013783e+09 1.65013783e+09 1.65013783e+09 1.65013783e+09
 1.65013784e+09 1.65013784e+09 1.65013784e+09 1.65013784e+09
 1.65013784e+09 1.65013784e+09 1.65013784e+09 1.65013784e+09
 1.65013784e+09 1.65013784e+09 1.65013784e+09 1.65013784e+09
 1.65013784e+09 1.65013784e+09 1.65013784e+09 1.65013784e+09
 1.65013784e+09 1.65013784e+09 1.65013784e+09 1.65013784e+09
 1.65013784e+09 1.65013784e+09 1.65013784e+09 1.65013784e+09
 1.65013784e+09 1.65013784e+09 1.65013784e+09 1.65013784e+09
 1.65013784e+09 1.65013784e+09 1.65013784e+09 1.65013784e+09
 1.65013784e+09 1.65013784e+09 1.65013784e+09 1.65013784e+09
 1.65013784e+09 1.65013784e+09 1.65013784e+09 1.65013784e+09
 1.65013784e+09 1.65013784e+09 1.65013784e+09 1.65013784e+09
 1.65013784e+09 1.65013784e+09 1.65013784e+09 1.65013784e+09
 1.65013784e+09 1.65013784e+09 1.65013784e+09 1.65013784e+09
 1.65013784e+09 1.65013784e+09 1.65013784e+09 1.65013784e+09
 1.65013784e+09 1.65013784e+09 1.65013784e+09 1.65013784e+09
 1.65013784e+09 1.65013784e+09 1.65013784e+09 1.65013784e+09
 1.65013784e+09 1.65013784e+09 1.65013784e+09 1.65013784e+09
 1.65013784e+09 1.65013784e+09 1.65013784e+09 1.65013784e+09
 1.65013784e+09 1.65013784e+09 1.65013784e+09 1.65013784e+09
 1.65013784e+09 1.65013784e+09 1.65013784e+09 1.65013784e+09
 1.65013784e+09 1.65013784e+09 1.65013784e+09 1.65013784e+09
 1.65013784e+09 1.65013784e+09 1.65013784e+09 1.65013784e+09
 1.65013784e+09 1.65013784e+09 1.65013784e+09 1.65013784e+09
 1.65013784e+09 1.65013784e+09 1.65013784e+09]"
0.0,0.4079096533331127,"[1.4909157823083101, 1.363035109797936, 1.3727514240836736, 1.3251765465372258, 1.2015080507864757, 0.9167036159338593, -0.693474313571014, 0.6130606524104747, 0.6699360152353196, 0.6032836823410845, 0.36051519620388306, 0.3761754609242471, 0.31557918333085344, -0.8224628620305892, 1.0458083474697604, -0.47124555946823876, -0.6354919008261966, -1.3851415521073633, -1.1285277738977708, -1.089229129109672, -1.0751739491328982, -1.0536205649586834, -0.6810650730880596, -0.830762290395155, -1.0360133601986519, -1.2460978151986968, -1.2520619182225439, -1.5129943480717138, 1.1915284555671921, 1.0124661423875396, -0.7279126940373521, 0.6768838108410383, -0.5825218768148934, -0.8332753299727852, -0.7607145379836966, -0.8747586340575892, -0.48828659508421096, -0.6342735973807745, -0.7319085833631638, -0.7002752600593549, -0.9324007601122468, -0.968841196082228, -1.1851823611932821, -1.2285621497908727, -1.3599823243410019, -1.2356399443267536, 1.0803719685574076, -1.107897671870115, -1.1537559006939526, -1.329588294439932, -1.3875403646484445, -1.359036433302004, -1.1922883996766398, -0.9921740394282944, -0.9618662437566232, -1.0681359123162442, -1.0741082548994938, -1.195382516614047, -1.2960745418428044, -1.2543523949288873, -1.2405805767451321, -1.3506001919613875, 1.5267375680714788, 1.4278481628953856, 1.1141520610267035, 1.0604183778880252, 1.1039075133790803, 1.2068752050467146, 0.5280460474689976, 0.7236192265712778, 0.6356309309493842, 0.6509472627826451, 0.5686648330923663, 0.3683965459659882, 0.38229411698022125, 0.5318172765794342, 0.5277370707764129, 0.6694739751746195, 0.6797723068719854, 0.9559782970980785, 1.0285047315992693, 1.0724814070287014, 0.9692042172603285, 0.981716523171342, 1.1310376102850404, 0.6797516513644412, 0.6776650146206121, 1.3188375961226735, -1.084558513240548, 1.4814312707924906, 1.0382051398847438, 0.7014123624705826, -1.1406872500140468, -0.9025230610841031, 1.5554060675762529, 1.543109842285004, 1.46804497505933, -1.5339238784955422, 1.1243075602142731, 1.5076873562514217, 1.168414870186938, 0.8168783406588507, 1.016316628490212, -1.446646250413004, 1.157141495376795, 1.0443776675344745, 1.5630743138366259]","[0.049090677007374676, 0.27458642923178916, 0.3883171262766835, 0.3844789897084944, 0.5300521832139178, 0.5316091644888384, 0.2834480247256052, 0.21645842404771493, 0.3357809086776685, 0.28860372527953265, 0.14538914287845553, 0.29879455086628176, 0.09180969864037801, 0.132899194576536, 0.665584724773723, 0.1583095390734492, 0.040702106263524385, 0.6219764883693825, 0.39924994836000316, 0.4302955784904954, 0.40846989119555394, 0.1275480427395952, 0.07569797720111798, 0.184698963898164, 0.14486193013797116, 0.20818164519690327, 0.5538150603554026, 0.4674946741656912, 0.08613212304533738, 0.09179081816329461, 0.32516912774690376, 0.3952613570449465, 0.31048548704743306, 0.6146560512966908, 0.7087287671244527, 0.7240961619953605, 0.7135118768323145, 0.5744746144652696, 0.4727744353483907, 0.46896758249404275, 0.45398999434699094, 0.5491290886133727, 0.6361001486252809, 0.6256982271203749, 0.3908039405875404, 0.1342962545785335, 0.39749566844899753, 0.21043121586330002, 0.17799381142954984, 0.22011623017314388, 0.21157974314681977, 0.10920213331599099, 0.07340222182330641, 0.061015066779475144, 0.10712659976360192, 0.23889111671678884, 0.2903056289156155, 0.30688013495534305, 0.2853816279401115, 0.3126397138679918, 0.39974280904078713, 0.5115649876951598, 0.5916551787896805, 0.565001123425326, 0.4319131546464311, 0.5376893540427233, 0.6150328754775074, 0.6445908062092321, 0.33474312656703487, 0.5821972993416867, 0.6589047467085014, 0.5857702427554917, 0.5161207420870587, 0.497400886360784, 0.48897621735893987, 0.5185267306158028, 0.3407418270167473, 0.4836156082889595, 0.30433673234476366, 0.30043941025450405, 0.45080985749333796, 0.3954397060846065, 0.4073110630432887, 0.3829219588149407, 0.31596582726127886, 0.07871130951695343, 0.28562901149268205, 0.006075610767569727, 0.766852099962429, 0.5609287833219098, 0.13258001065747393, 0.4385518803059702, 0.3901796568943987, 0.18624436666637198, 0.27690622562850903, 0.3455421482112557, 0.1785216732111861, 0.042316140899550804, 0.19898067542207223, 0.5751145169197078, 0.07232144533143034, 0.5113350810470952, 0.03713185981525834, 0.2612571710631104, 0.11081781258147888, 0.8374782556136645, 0.35738045248840317]",-0.31037927689485584,excited,,"[1.65013785e+09 1.65013785e+09 1.65013785e+09 1.65013785e+09
 1.65013785e+09 1.65013785e+09 1.65013785e+09 1.65013785e+09
 1.65013785e+09 1.65013785e+09 1.65013785e+09 1.65013785e+09
 1.65013785e+09 1.65013785e+09 1.65013785e+09 1.65013785e+09
 1.65013785e+09 1.65013785e+09 1.65013785e+09 1.65013785e+09
 1.65013785e+09 1.65013785e+09 1.65013785e+09 1.65013785e+09
 1.65013785e+09 1.65013785e+09 1.65013785e+09 1.65013785e+09
 1.65013785e+09 1.65013785e+09 1.65013785e+09 1.65013785e+09
 1.65013785e+09 1.65013785e+09 1.65013785e+09 1.65013785e+09
 1.65013785e+09 1.65013785e+09 1.65013785e+09 1.65013785e+09
 1.65013785e+09 1.65013785e+09 1.65013785e+09 1.65013785e+09
 1.65013785e+09 1.65013785e+09 1.65013785e+09 1.65013785e+09
 1.65013785e+09 1.65013785e+09 1.65013785e+09 1.65013785e+09
 1.65013785e+09 1.65013785e+09 1.65013785e+09 1.65013785e+09
 1.65013785e+09 1.65013785e+09 1.65013785e+09 1.65013785e+09
 1.65013785e+09 1.65013785e+09 1.65013785e+09 1.65013785e+09
 1.65013785e+09 1.65013785e+09 1.65013785e+09 1.65013785e+09
 1.65013786e+09 1.65013786e+09 1.65013786e+09 1.65013786e+09
 1.65013786e+09 1.65013786e+09 1.65013786e+09 1.65013786e+09
 1.65013786e+09 1.65013786e+09 1.65013786e+09 1.65013786e+09
 1.65013786e+09 1.65013786e+09 1.65013786e+09 1.65013786e+09
 1.65013786e+09 1.65013786e+09 1.65013786e+09 1.65013786e+09
 1.65013786e+09 1.65013786e+09 1.65013786e+09 1.65013786e+09
 1.65013786e+09 1.65013786e+09 1.65013786e+09 1.65013786e+09
 1.65013786e+09 1.65013786e+09 1.65013786e+09 1.65013786e+09
 1.65013786e+09 1.65013786e+09 1.65013786e+09 1.65013786e+09
 1.65013786e+09 1.65013786e+09 1.65013786e+09]"
0.0,0.4517827591630867,"[-0.9692130758561666, 0.46905022650042544, 0.47999784266502576, 0.5427704998893299, 0.44834010659686147, 0.35833192747881487, -0.06351529172287117, 0.03716177212238662, 0.015412525746308801, -0.3859570535405292, -0.3115527384147134, -0.2927451827422416, -0.28509529735558115, -0.12137361606077633, 1.0796553731579874, 0.8357423454953878, -0.2563923489924847, 0.22886653554979208, 0.3682519496702333, 0.38390971825986087, -0.022017919873079533, 0.1663449336953387, 0.3385727553981767, 0.22668639989244305, 0.3772697331908116, -0.20186179365479126, -0.3796718713561945, 0.7693688706531361, -1.10229374802401, -1.305103562114009, -1.0100000273862553, -1.0632748547325694, -0.6669169115148078, -0.7762818652057087, -0.8787590137431377, -1.0175811810908957, -1.0587465458745742, -1.030043296736528, -0.9553995068956528, -0.8464384636729645, 0.8200464702403063, -1.1445525041106301, -1.042458525621182, -1.0722377015289044, 1.005023773236124, -1.2077108486910726, 1.158836921208621, -1.0410288129455665, 1.2410605478345218, -1.1940380721595836, -1.0692792060376155, -1.1725476638158965, -1.2790163053884844, -1.1561464196019438, 1.1059293562179755, 1.1746275309553176, -1.0366860684739594, -0.9603803844311148, 1.2437573639799853, -0.9999281380214299, -0.9518360675562844, -1.0320417447682402, -0.8359763991198002, -0.7383905786886853, -0.6762959179418991, 1.2679302987553107, -0.5589393548129833, 1.0493718940380552, -0.7314382448665828, 0.9605718484768406, 0.858243316331205, 0.9411985347148895, -0.5739579275440984, -0.5960977864268914, -0.6717062257827703, 1.0969253439882962, -0.6719249481789688, 1.2437765902555362, -0.7362381304822097, 1.1052635277436775, 1.131199989960924, -0.6827494072798904, 1.1201728128588655, 1.1584653582758997, 1.1219557394504438, 1.1308724592479003, 1.1122568996816677, 1.218164204432151, -0.46348009530221873, 1.210166842993135, 1.2180902034925147, -0.35164672971407784, 0.7269080710378005, -0.7430750367463399, 1.0613980008059902, -0.8106710894016987, -0.5866981072068593, -0.7961469901490186, -0.2747985933075752, 0.6629259260220257, 1.0396923959087345, 0.48037176607495113, 0.46984366123368415, 0.4200704666305048, 0.8027131336590008, 0.5282724084091179, 0.40041359127070797, -0.047647516891071766]","[0.3490530067233304, 0.4554757978536657, 0.11748216658239971, 0.4936139211922625, 0.49398320095627096, 0.49057062377491584, 0.5322612142571479, 0.1551226368587327, 0.21236687251164446, 0.3256744967849919, 0.10047876102122229, 0.21475119846504312, 0.34237638812982213, 0.17590270788509105, 0.7774611048768484, 0.5011133131525713, 1.2254162591937177, 1.0941334237385738, 1.1410059996054995, 0.33786303812284707, 0.42066049961163055, 0.43818556712520895, 0.6423983980562723, 0.3725368740608369, 0.16268313059255782, 0.36398997555939094, 0.26567604892029767, 0.5507155249552322, 0.0643754932749504, 0.20467090104074745, 0.5289268366080516, 0.7085170485555512, 0.48857973833473944, 0.49286859622154483, 0.4432131151280491, 0.44367251528845614, 0.4669292122081296, 0.34077155215174165, 0.4017879447796903, 0.34665070379523283, 0.13640313667248144, 0.14876718896164234, 0.1480829476675484, 0.15529528961490316, 0.25434827340119553, 0.11183006426399654, 0.08368496850602625, 0.0347459869543046, 0.13246733288022275, 0.09385677962740142, 0.06883879551253365, 0.17724223684801207, 0.1428544042545561, 0.15966400845524945, 0.05727532283013823, 0.0928141453965603, 0.16400350626944254, 0.13363292735612065, 0.17440270718010928, 0.10418457700874958, 0.11595463500507248, 0.2001838932757424, 0.14140582790273204, 0.1489377888484822, 0.2505289608474997, 0.20497914343982576, 0.02191893998239835, 0.3633384959473102, 0.4023523359365181, 0.5338851246888909, 0.5273950094520526, 0.3974409381006606, 0.34909620430283267, 0.5107040944222447, 0.36013983211849365, 0.45341817584211963, 0.4559726629152205, 0.400953125231892, 0.2680947365127876, 0.4586459325801039, 0.43558444273069913, 0.16264186382327317, 0.4878498141781903, 0.4214914000196419, 0.4272072850187043, 0.4006665981448235, 0.39205837776861013, 0.3588937707851189, 0.18582588602011865, 0.42729617142968085, 0.458407309850066, 0.5960378530588041, 0.7042020239032327, 0.3399249086593594, 0.5582208002822059, 0.6410957488264762, 0.9331754728642938, 0.3916800797298197, 0.87531929445357, 0.4100682516969398, 0.4052178215707893, 0.05520289072733774, 0.2960658162044198, 0.16554008974683238, 0.5551215774696615, 0.6041970860162227, 0.9229614416183259, 1.2099120966623131]",-0.06901647036435778,idle,,"[1.65013786e+09 1.65013786e+09 1.65013786e+09 1.65013786e+09
 1.65013786e+09 1.65013786e+09 1.65013786e+09 1.65013786e+09
 1.65013786e+09 1.65013786e+09 1.65013786e+09 1.65013786e+09
 1.65013786e+09 1.65013786e+09 1.65013786e+09 1.65013786e+09
 1.65013786e+09 1.65013786e+09 1.65013786e+09 1.65013786e+09
 1.65013786e+09 1.65013786e+09 1.65013786e+09 1.65013786e+09
 1.65013786e+09 1.65013786e+09 1.65013786e+09 1.65013786e+09
 1.65013786e+09 1.65013786e+09 1.65013786e+09 1.65013786e+09
 1.65013786e+09 1.65013786e+09 1.65013786e+09 1.65013786e+09
 1.65013786e+09 1.65013786e+09 1.65013786e+09 1.65013786e+09
 1.65013786e+09 1.65013786e+09 1.65013786e+09 1.65013786e+09
 1.65013786e+09 1.65013786e+09 1.65013786e+09 1.65013787e+09
 1.65013787e+09 1.65013787e+09 1.65013787e+09 1.65013787e+09
 1.65013787e+09 1.65013787e+09 1.65013787e+09 1.65013787e+09
 1.65013787e+09 1.65013787e+09 1.65013787e+09 1.65013787e+09
 1.65013787e+09 1.65013787e+09 1.65013787e+09 1.65013787e+09
 1.65013787e+09 1.65013787e+09 1.65013787e+09 1.65013787e+09
 1.65013787e+09 1.65013787e+09 1.65013787e+09 1.65013787e+09
 1.65013787e+09 1.65013787e+09 1.65013787e+09 1.65013787e+09
 1.65013787e+09 1.65013787e+09 1.65013787e+09 1.65013787e+09
 1.65013787e+09 1.65013787e+09 1.65013787e+09 1.65013787e+09
 1.65013787e+09 1.65013787e+09 1.65013787e+09 1.65013787e+09
 1.65013787e+09 1.65013787e+09 1.65013787e+09 1.65013787e+09
 1.65013787e+09 1.65013787e+09 1.65013787e+09 1.65013787e+09
 1.65013787e+09 1.65013787e+09 1.65013787e+09 1.65013787e+09
 1.65013787e+09 1.65013787e+09 1.65013787e+09 1.65013787e+09
 1.65013787e+09 1.65013787e+09 1.65013787e+09 1.65013787e+09]"
0.0,0.6452103613087855,"[-1.3867863377300262, -0.29354704361876766, -0.4148974355538036, -0.5059676098784716, -0.5126989528610595, -0.4225457675756252, -0.26591268212535635, 1.2636813455419624, 1.1329029116017502, 1.174691167757454, 1.184412082392801, 1.2672560944893496, 1.3563810299349355, 1.4409110560186722, 1.4643943223084868, 1.405154996176676, 1.2648650308062988, 1.2574848862861456, 1.1121441717413467, 0.12129982701113529, 0.03450822223408017, -0.04117834380646492, 0.03565850163955602, -0.03507732029889534, -0.047278381520806365, 0.05792449568699825, 0.02379696901716831, -0.03892602964612051, 0.03219319209874325, 0.5702703601483775, 1.3132801046873466, -1.3454261932955986, -0.7447904810309103, 0.4933861687461677, 0.856893847647663, 0.5544675510675106, 0.33025160235076606, 0.4130398353557426, 0.47414505286697, 1.304669470716437, -1.5563745733594032, 1.511583571337838, -0.808685053321019, -0.47046045088012134, 0.5491790211191122, 0.4411215095458482, -1.0972356912235597, 0.7504023881755468, -1.5210316049613386, -1.5328250283925027, 0.39213963562196624, 0.014803807532953335, 0.8319169588454096, 0.8616022626041787, -1.4863936815448502, -0.23065823615966816, 0.8095062561430917, 0.6320453609919869, 1.37295724214709, 1.20023980666177, 1.004149814290206, 1.3588493349378616, 0.964137994533464, 0.5456552497234712, 0.7944871900216363, 0.5051609774051858, 1.0975048535616199, 0.8910066710209643, 1.0814793182209188, 0.32761651101639594, -0.5933199480486608, 0.26679606327771827, 0.11576556772839118, -0.5451811642277055, -0.7595018145458406, 0.12474107577243222, -0.24470575900752778, -0.3086660099048867, 0.061397435525268045, 0.26552898426069027, 0.12686508558314247, 0.45963807928472533, 0.6275787858505923, 0.6315034711680981, 1.125287642252045, -1.5517717069529129, 0.5457027390953189, 0.312372868996913, 0.20171875578437265, 0.4030221142302426, 0.7976263172064764, 1.3445615377982236, -1.3636521547373766, -1.1445641913373512, -1.1209145339118096, 0.9061934496279784, 0.4526106536756984, 0.9543394717445142, 0.6830037111538558, 0.9269616386466324, 0.8971724689043318, 0.5313882494684407, -0.37856764248545477, 0.8691295617799105, 1.384760214104471, -1.2138343574284691, 0.35109972268567186, -0.17158775264882514]","[0.6152722983425353, 0.241459109022163, 0.3368321745391867, 0.39846573600704094, 0.5395102400028022, 0.6115557664788616, 0.7292349672020157, 0.25027641306370174, 0.028075056696703553, 0.05943297572259452, 0.14503333842596294, 0.25124347000332115, 0.30904284478986405, 0.08763504059468552, 0.36118185811977704, 0.34480691363584154, 0.27009902065454344, 0.18418081509441628, 0.12609367200402793, 0.45336194215154735, 0.402942257283444, 0.17831903992986978, 0.2301834026714555, 0.15727171165167445, 0.08260469687295911, 0.2037556400583313, 0.07463310108974064, 0.18333575390710577, 0.19651718427340886, 0.695489773339015, 0.7525516333066975, 1.4246206933044008, 1.0396164318346144, 0.9135773946461991, 0.8967250843824922, 0.6093252831161093, 0.5042092993680011, 0.7669211295134628, 0.30275414776913406, 0.2695873466028763, 0.8098261867434006, 0.9636574844678919, 0.3155592723780395, 0.6566188576804993, 0.47446325301147485, 0.9200236446618809, 0.6367861592661114, 0.4376667791897245, 0.7045630671949723, 0.2530961768178658, 0.23936401651967007, 0.7283347211975872, 0.0358929418462368, 0.013598386672389582, 0.13429943392589536, 0.47778011198272624, 1.3256487295447315, 0.18614012593166906, 0.5823379933384863, 0.7271485516600024, 0.08831967696777274, 0.22399403099706808, 0.49857196066781384, 0.3037867122516776, 0.8759595749351998, 0.20366816537613017, 0.8784277467512007, 0.379669794781413, 0.16032772275952906, 0.03712242480000877, 0.9073991013682611, 0.6771533825528706, 0.34109091268193475, 0.6179568600443941, 0.7916169211829265, 0.3614524089555226, 0.8043524149647919, 0.8202590586604221, 0.6201028349037038, 0.7095911071261358, 0.9135727957620803, 0.8190428014562939, 0.8524806438886119, 0.9072983454884315, 0.9475103650391478, 1.219936938021649, 1.280314878399219, 0.9365181611783354, 0.5160079541771478, 0.36702811322379636, 0.5819602683211551, 0.5755504290890191, 0.7060401154555023, 0.8086160662578373, 1.0184812701896113, 0.9845681493537847, 0.8471559785329671, 0.09248629962823875, 0.40616450679200067, 0.3965239872553361, 0.8830011666161494, 1.2510207450823534, 1.2720811527486682, 0.19388362134139508, 0.5189113504253158, 0.3514884078964822, 1.0564958139511553, 1.0798013846705645]",-0.16423051968191446,angry,,"[1.65013787e+09 1.65013787e+09 1.65013787e+09 1.65013787e+09
 1.65013787e+09 1.65013787e+09 1.65013787e+09 1.65013787e+09
 1.65013787e+09 1.65013787e+09 1.65013787e+09 1.65013787e+09
 1.65013787e+09 1.65013787e+09 1.65013787e+09 1.65013787e+09
 1.65013787e+09 1.65013787e+09 1.65013787e+09 1.65013787e+09
 1.65013787e+09 1.65013787e+09 1.65013787e+09 1.65013787e+09
 1.65013788e+09 1.65013788e+09 1.65013788e+09 1.65013788e+09
 1.65013788e+09 1.65013788e+09 1.65013788e+09 1.65013788e+09
 1.65013788e+09 1.65013788e+09 1.65013788e+09 1.65013788e+09
 1.65013788e+09 1.65013788e+09 1.65013788e+09 1.65013788e+09
 1.65013788e+09 1.65013788e+09 1.65013788e+09 1.65013788e+09
 1.65013788e+09 1.65013788e+09 1.65013788e+09 1.65013788e+09
 1.65013788e+09 1.65013788e+09 1.65013788e+09 1.65013788e+09
 1.65013788e+09 1.65013788e+09 1.65013788e+09 1.65013788e+09
 1.65013788e+09 1.65013788e+09 1.65013788e+09 1.65013788e+09
 1.65013788e+09 1.65013788e+09 1.65013788e+09 1.65013788e+09
 1.65013788e+09 1.65013788e+09 1.65013788e+09 1.65013788e+09
 1.65013788e+09 1.65013788e+09 1.65013788e+09 1.65013788e+09
 1.65013788e+09 1.65013788e+09 1.65013788e+09 1.65013788e+09
 1.65013788e+09 1.65013788e+09 1.65013788e+09 1.65013788e+09
 1.65013788e+09 1.65013788e+09 1.65013788e+09 1.65013788e+09
 1.65013788e+09 1.65013788e+09 1.65013788e+09 1.65013788e+09
 1.65013788e+09 1.65013788e+09 1.65013788e+09 1.65013788e+09
 1.65013788e+09 1.65013788e+09 1.65013788e+09 1.65013788e+09
 1.65013788e+09 1.65013788e+09 1.65013788e+09 1.65013788e+09
 1.65013788e+09 1.65013788e+09 1.65013788e+09 1.65013788e+09
 1.65013788e+09 1.65013788e+09 1.65013788e+09 1.65013788e+09]"
0.0,0.7316362246845879,"[0.6674447888552613, 0.7479840389977381, 0.7689902612533768, 0.24805221424077123, 1.3146746403062037, 0.6210700130275624, 0.1413015668010828, 0.12376784781007576, 0.40816604892616404, 0.6270252875126661, 0.441564484082923, 0.5634526476409178, 0.1286192436581984, -0.5592489237616998, -0.3580508906559788, -0.2818245938881295, -0.4076478728078338, -1.3498191832610904, -0.08003260182299332, 0.40083523564750484, 0.9756924598761582, 0.692995121372559, 0.14882863202867397, 0.16008525745013014, 0.7070456045305694, 0.21591564107175718, 0.08934517890886909, 1.1844858232340796, 0.7316415018438863, 0.5581675850221225, -0.09546248661806886, 0.5081480897391781, 0.6816835845729439, 0.16903895864761756, 0.10764558530876465, 0.06662263523017012, 0.1709715147057522, 0.22062332754472141, 0.29958084005891855, 0.23484436816944365, 0.3909852317034418, 0.31190658732049087, 0.28285067552556903, 0.4859508319384059, 0.36552243369435883, 0.27312898230113686, 0.4094405750671217, 0.2807647634669984, 0.24016612997079453, 0.32325430561690277, 0.5263957108077737, 0.5886522969454266, 1.0434423786162945, 1.4032769905028302, 0.8335854273994416, 0.5750999742849592, 0.10643815262057603, 0.6113885003677295, -0.35963009245777994, 0.547173872578321, 0.07514010496413624, 0.07999961486825646, -0.07900720777396911, -0.25972670032294876, 0.17383802447010935, 0.16355271105939992, 0.20910980594970496, 0.05416731992685104, 0.20582973639036042, 0.20836336515015735, 0.19467211185862365, 0.2163225158107692, 0.2707362634647035, 0.24847614305077595, 0.25693021065171534, 0.3146124115590751, 0.3048926962711566, 0.29695022723404124, 0.2864249731371893, 0.37893125055985827, 0.3053701163253038, -0.08573018540028988, -0.08898635826126297, -0.2075136653986895, 0.42385411272567414, 0.4308914975960629, 0.4428034920011351, 0.055726822681071035, 0.4224992492044396, 0.48878934974438587, 0.4040208481293727, 0.5270174833640449, 0.4823120503462259, 0.4029768845410285, 0.43105775776001026, -0.015394696156698822, 0.22467040379550554, 0.3667909944060965, 0.1856457412007725, 0.06568222689883245, 0.2374149408083427, 0.06026185803420507, 0.22006544300553668, 0.6447724063424962, 0.7507738232456869, -1.0373714086085422, -1.4439764662535788]","[0.44712041527301, 0.38465270556550335, 0.2642280270549116, 0.08496577703004239, 0.8234362742918194, 0.5458426609576291, 0.6906760316827126, 0.6363553550892634, 0.09098948857543214, 0.07990237226265946, 0.2954298854351298, 0.1858690984066483, 0.8142604092703806, 0.9185467107510442, 0.4969513378182019, 0.14130645880635262, 0.10283559332574978, 0.6477515368817869, 0.6288499152334739, 0.07838218140016791, 0.08275236216019702, 0.22811451761517412, 1.0390213482895547, 0.12331436068550322, 0.5058201469611203, 0.33332774366347917, 0.36001682866299245, 0.7434969182613517, 0.44905829825679283, 0.1608440679581168, 0.06515175424795805, 0.21371581701763548, 0.6719792878805992, 0.03329174878973923, 0.12789435328976198, 0.4993839394343558, 0.019122000922883145, 0.0015889099024866847, 0.12302104801274451, 0.23792775309390626, 0.4708887622023203, 0.702840584220411, 0.8329806571586054, 0.9714769854691868, 1.1766834655018796, 1.1965740379423986, 1.2293769632181566, 1.26571975991617, 1.301751182587385, 1.3430735578295339, 1.3874499798796056, 1.4118669804836697, 1.4432818853416045, 1.3144390940191732, 1.385801902378856, 1.43197619956368, 1.3192047332071553, 1.4298915985698037, 1.4100969790179454, 1.3423980931672832, 0.16506468730828386, 0.14378512647554095, 1.2701493754332482, 1.2369458666049524, 0.07573720278467164, 0.07532301811590947, 0.06510311634480741, 1.092095546855911, 0.010810745646015649, 0.03593275657795382, 0.015129325984235385, 0.025942450229661133, 0.03161870933479451, 0.02660330081177236, 0.018547471423474626, 0.005919988847715852, 0.015620835761124004, 0.018502123575169956, 0.013593704423410515, 0.015350609344223918, 0.01566706308964137, 0.6415872985394281, 0.6470866136446892, 0.5909168192943027, 0.4892859137288329, 0.5250983142076243, 0.5932370027444367, 0.8043184365361331, 0.716041043639039, 0.7417210486308271, 0.7916860394960482, 0.7882652654872504, 0.8151657565605634, 0.786008034013034, 0.7596117280192841, 0.7236739851416724, 0.9029455271596021, 0.9228952399564029, 0.9022848554532273, 0.7703337072162076, 1.045757437615308, 0.9971512264752059, 0.5131047289541564, 0.36628644080179606, 0.4144172434677052, 0.5510380359195391, 0.3087347770291241]",-0.19692444305034493,idle,,"[1.65013788e+09 1.65013789e+09 1.65013789e+09 1.65013789e+09
 1.65013789e+09 1.65013789e+09 1.65013789e+09 1.65013789e+09
 1.65013789e+09 1.65013789e+09 1.65013789e+09 1.65013789e+09
 1.65013789e+09 1.65013789e+09 1.65013789e+09 1.65013789e+09
 1.65013789e+09 1.65013789e+09 1.65013789e+09 1.65013789e+09
 1.65013789e+09 1.65013789e+09 1.65013789e+09 1.65013789e+09
 1.65013789e+09 1.65013789e+09 1.65013789e+09 1.65013789e+09
 1.65013789e+09 1.65013789e+09 1.65013789e+09 1.65013789e+09
 1.65013789e+09 1.65013789e+09 1.65013789e+09 1.65013789e+09
 1.65013789e+09 1.65013789e+09 1.65013789e+09 1.65013789e+09
 1.65013789e+09 1.65013789e+09 1.65013789e+09 1.65013789e+09
 1.65013789e+09 1.65013789e+09 1.65013789e+09 1.65013789e+09
 1.65013789e+09 1.65013789e+09 1.65013789e+09 1.65013789e+09
 1.65013789e+09 1.65013789e+09 1.65013789e+09 1.65013789e+09
 1.65013789e+09 1.65013789e+09 1.65013789e+09 1.65013789e+09
 1.65013789e+09 1.65013789e+09 1.65013789e+09 1.65013789e+09
 1.65013789e+09 1.65013789e+09 1.65013789e+09 1.65013789e+09
 1.65013789e+09 1.65013789e+09 1.65013789e+09 1.65013789e+09
 1.65013789e+09 1.65013789e+09 1.65013789e+09 1.65013789e+09
 1.65013789e+09 1.65013789e+09 1.65013789e+09 1.65013789e+09
 1.65013789e+09 1.65013789e+09 1.65013789e+09 1.65013789e+09
 1.65013789e+09 1.65013789e+09 1.65013789e+09 1.65013789e+09
 1.65013789e+09 1.65013789e+09 1.65013789e+09 1.65013789e+09
 1.65013789e+09 1.65013789e+09 1.65013789e+09 1.65013789e+09
 1.65013789e+09 1.65013789e+09 1.65013789e+09 1.65013789e+09
 1.65013789e+09 1.65013789e+09 1.65013789e+09 1.65013789e+09
 1.65013789e+09 1.65013789e+09 1.65013789e+09]"
0.0,0.6466907193984097,"[0.7624538585823322, 0.7318958688516048, 0.3696614976241704, 0.19921397983821004, -1.1993084754027965, 0.14304425273704996, 0.5485672891050567, 0.3030222285283047, 0.44321475032267776, 0.5252813402253201, 0.8058548155138467, 1.0114043315669305, 1.532986227280003, 1.5423668293080897, 1.294369448435122, 1.3404272241765174, -1.2882925727810983, -1.1341947661104412, -0.35486443047133803, -0.015770352161536178, 0.5839707744014547, 0.9299943903927943, 0.35347347224106895, 0.2328231881558761, -0.1393955601509262, -0.3317000478490566, -0.9891878476990258, -0.4906731032443576, -0.5066786076018227, -0.6209569943325794, -0.6776792504664643, 0.8082370207288623, 0.9527986488059631, 1.086523244570434, 1.1953496555633305, 1.5039680243912459, 1.0902442900273959, -0.4074956482927656, -0.2856566272450073, -1.4837770092853069, 1.3346576510169392, 1.327410345443969, 1.2068042002943526, 1.1821781071888164, -1.4982964696220056, -0.6605585286326168, -0.1578254057654313, -0.45540469276800616, -0.9032411640186556, -0.8325225483522988, -0.4909920432787427, -0.4293561203611444, -0.7189000414978299, -0.7201692469471235, -0.5926751060982011, -0.8653844118293834, -0.6735985212796589, -0.6741343800909325, -0.9331492050189968, -0.7070485902434913, -0.8506393105838279, -0.8022509253130757, -0.473705536274849, -0.4301084670432803, 1.0744729595491966, 1.3863797956074964, -0.48743290189050453, -0.215088377758638, -0.1676183225966735, -0.6930970638586393, 0.19464582753541443, 0.0955993666955498, 0.09414059322401808, 0.12295394409555781, -0.39240762864301704, -1.2281075924288194, -1.0902246608757356, -0.33889216774259107, 1.4109325414120486, -1.4652758490365017, -1.1694975208773954, 0.34738565329493903, 0.19282627702592123, 0.09252585286170718, 0.10402413054125749, 0.25541840601153293, 0.06265108383020167, 0.2176072327765568, 0.375950988952478, 0.08180700947626009, 0.23474943792462943, 0.13640664523777166, -0.061754307931130015, 0.003994529800783432, -0.05524112534122664, -0.1570171497810202, -0.18495835520466447, -0.256033010351144, -0.4584060852420878, -0.43991712433591906, -0.49072275129304943, -0.6577266989100145, -0.8939219739058032, -0.992673661152278, -1.2109583977564504, -1.0799249536322024, -0.024883396614507496, 1.1961233127902573]","[0.31332921763702004, 0.5338780696599393, 0.10943393169114718, 0.4555157595728888, 0.2733424514627201, 0.22931079008016347, 0.8543820658481658, 0.8754282412995139, 0.9042319675854182, 0.1930087484671321, 0.6549506393366115, 0.8428817991860174, 0.6533493870526226, 0.2202115657824152, 0.3550265496610326, 0.28905232995875035, 0.39510542329720383, 0.4505844777893914, 0.6009997562004529, 0.08365678508966375, 0.6959410081850584, 0.2968571204636811, 0.3083362367332679, 0.6574990415402125, 0.2574485685343666, 0.1709232084177144, 0.040353716301803795, 0.014416401788124018, 0.034621847230191814, 0.019401581626988525, 0.05299642258858172, 1.0365405385334785, 0.3725774939260526, 0.16486935001203457, 0.14282842178508345, 0.23503875840536206, 0.2248141294006669, 0.11983142742468093, 0.38622570064697137, 0.24016061776561076, 0.10101352136027913, 0.0838453105184416, 0.35530470072175296, 0.17516011313148214, 0.4304618376803589, 0.4506290362104236, 0.18484312603414282, 0.023045371986970906, 0.23857019883872824, 0.22268640950729623, 0.20991530595902366, 0.4156537666337383, 0.17331895431407082, 0.022466573014120073, 0.07949010784879895, 0.46530542579792233, 0.16340007625920955, 0.04589874062424047, 0.2500151166513073, 0.271868369163817, 0.13037301008955357, 0.003991413985872884, 0.07763730765575984, 1.34989521828236, 0.6209988316597304, 0.01996237257787267, 0.4533145550727304, 0.5605006274650953, 0.09929855083029988, 0.357737093187592, 0.5436399235753089, 0.370653906414937, 0.040943190007132424, 0.30364161351197816, 0.91599709620126, 0.9472507718946177, 0.9970563293928072, 0.8689729726661055, 1.0588146282711262, 1.1970855262000224, 1.3034587542590237, 1.4234782955584468, 1.3480441980610158, 0.8957311739962374, 0.8979447664982695, 0.8739600672801516, 0.8949993560722487, 0.9248264697355143, 0.9562623781477645, 1.0390275292538758, 1.0119099058721837, 0.9158598449112655, 0.9351034696682577, 0.9721637637415, 0.933701187901604, 0.8981385587673069, 0.9516832409208522, 0.9677232703147591, 0.951023894215245, 0.8605013010188686, 0.8788459683557975, 1.0614204807104968, 0.718886445279173, 0.5769673638676822, 0.760090296257335, 0.8904143172912493, 1.1828761890238875, 0.1353119528861207]",-0.216668517963029,idle,,"[1.65013790e+09 1.65013790e+09 1.65013790e+09 1.65013790e+09
 1.65013790e+09 1.65013790e+09 1.65013790e+09 1.65013790e+09
 1.65013790e+09 1.65013790e+09 1.65013790e+09 1.65013790e+09
 1.65013790e+09 1.65013790e+09 1.65013790e+09 1.65013790e+09
 1.65013790e+09 1.65013790e+09 1.65013790e+09 1.65013790e+09
 1.65013790e+09 1.65013790e+09 1.65013790e+09 1.65013790e+09
 1.65013790e+09 1.65013790e+09 1.65013790e+09 1.65013790e+09
 1.65013790e+09 1.65013790e+09 1.65013790e+09 1.65013790e+09
 1.65013790e+09 1.65013790e+09 1.65013790e+09 1.65013790e+09
 1.65013790e+09 1.65013790e+09 1.65013790e+09 1.65013790e+09
 1.65013790e+09 1.65013790e+09 1.65013790e+09 1.65013790e+09
 1.65013790e+09 1.65013790e+09 1.65013790e+09 1.65013790e+09
 1.65013790e+09 1.65013790e+09 1.65013790e+09 1.65013790e+09
 1.65013790e+09 1.65013790e+09 1.65013790e+09 1.65013790e+09
 1.65013790e+09 1.65013790e+09 1.65013790e+09 1.65013790e+09
 1.65013790e+09 1.65013790e+09 1.65013790e+09 1.65013790e+09
 1.65013790e+09 1.65013790e+09 1.65013790e+09 1.65013790e+09
 1.65013790e+09 1.65013790e+09 1.65013790e+09 1.65013790e+09
 1.65013790e+09 1.65013790e+09 1.65013790e+09 1.65013790e+09
 1.65013790e+09 1.65013790e+09 1.65013790e+09 1.65013790e+09
 1.65013790e+09 1.65013790e+09 1.65013790e+09 1.65013790e+09
 1.65013791e+09 1.65013791e+09 1.65013791e+09 1.65013791e+09
 1.65013791e+09 1.65013791e+09 1.65013791e+09 1.65013791e+09
 1.65013791e+09 1.65013791e+09 1.65013791e+09 1.65013791e+09
 1.65013791e+09 1.65013791e+09 1.65013791e+09 1.65013791e+09
 1.65013791e+09 1.65013791e+09 1.65013791e+09 1.65013791e+09
 1.65013791e+09 1.65013791e+09 1.65013791e+09 1.65013791e+09]"
0.0,0.7010125145727935,"[-0.5841330958888737, -0.6780624332376888, -0.7320407548681274, -0.7903145151127211, -0.8087353760371406, -0.860047038234803, -0.8861221120729604, -0.8976939194815946, -0.9645779788378965, -0.9678091038437676, -0.9555530529136775, -1.0095674380469928, -0.9855271972442736, -1.01154201908577, -0.9984425018827687, -1.1202543807598135, -1.2818849388575877, -1.2990341841968958, -1.2867871126612775, -1.2035389217414554, -1.0962137003976566, -1.0014122753461956, -1.04172414438075, -1.0472706357321475, -1.032678395951297, -1.0935372864329163, -1.0867289472217894, -0.9974847449078481, -0.9264148432685966, -0.7795939810437114, -0.9185155057972262, -0.7602949066824728, -0.5680502011050038, 0.1697325269407997, 0.8767983631021075, 1.3238829971169093, 0.246477525094701, 0.3966924202038861, 0.6778235584798461, 1.432999932510611, 1.110856194310714, 0.43847243288087207, 0.06841114134795763, 0.28890057107747924, 0.5568835719107721, 0.026509916280090827, -0.18885791547082828, -0.009710446445372537, 0.018353832739728914, 0.26542803225442535, 0.2139946339301607, 0.17134127725834555, -0.6644220106015615, -0.3194340013914897, -0.02797103911041024, 0.11404764258961919, -0.08785303738253179, -0.42946410298636256, -0.5836240742148046, -0.588101262778368, -0.4675863984709462, -1.0851664655861888, -1.5424878936143596, -1.3988656729790014, -1.445404401190002, -1.17126354704086, -0.9895907635937415, -0.9390135307159461, -1.0652931697953592, -1.0305864474886683, -0.828363251799594, -1.0996974960975765, -0.9893166238354492, -0.9262302026679656, -0.9809222973895517, -1.0953424177324729, -0.9513846940044127, -0.9851098845114966, -0.9722252383825922, -0.7978479974469124, -0.7670741403331951, -0.9377043583318615, -1.0214707655469777, -0.8328974423807188, -0.9549452294530607, -1.1685455793074202, -0.9873767705966515, -1.169959034740797, -0.9441703075043961, -0.9072101633800944, -0.9199854099751313, -0.8752117655836723, -0.892431650568642, -0.7524230586622503, -0.9003124117132063, -0.6825300233423937, -0.8498581345778209, -0.8391856443458587, -0.8215431872110974, -1.0454605427130794, -0.6786133860275826, -0.8154875682218382, -0.8552252504974167, -0.8486945062822137, -0.759691870356183, -0.8722280472408077, -0.9015496978733696, -0.8769819294550044]","[0.5996100213603756, 0.5101783373788334, 0.5019783166060608, 0.5544647326864512, 0.47152993029484547, 0.5085701216587907, 0.4885403076419894, 0.5492826149433683, 0.5836469445376594, 0.3651438963611832, 0.3899903253885613, 0.3422230576780762, 0.43675599397389375, 0.46968680148991937, 0.2881126575456792, 0.274291376282056, 0.19404814306769455, 0.17046080071345426, 0.22784813901447357, 0.19123488571955513, 0.33152399761799795, 0.28248780790759226, 0.38596872376019775, 0.2516003076214568, 0.30640679057011666, 0.30769825042079235, 0.27858383467314796, 0.26009830872072986, 0.374178369936772, 0.4791434519161529, 0.7503545067854426, 0.02259227629497872, 0.16479463052345117, 0.5322894080934432, 0.8979336327857694, 1.283514268263803, 0.359512729703868, 0.5875738040341709, 0.3564527593120885, 0.5385589755350498, 0.8992429334421723, 0.7001845069709542, 0.7841834490333898, 0.33870894688966263, 0.8865955780622151, 0.8421331539253804, 0.8908252100003591, 0.8704015544473584, 0.6179909053951669, 0.8413350836268114, 0.8033996457258064, 0.04983726375823955, 0.37723152332914245, 0.6042975717574193, 0.5927789491008771, 0.30258190428984966, 0.6329161968229409, 0.5721490401935561, 0.7351549620475102, 0.5027332004320474, 0.9435967108282614, 1.0010743906253765, 1.281048446279047, 1.01228017114826, 1.0445295957216718, 1.0862737756274203, 1.042993328281514, 0.9894145030093628, 0.9464046656106111, 0.9461711283639924, 0.7600015919154175, 0.8598376046917876, 0.8550919194072868, 0.8783868100067774, 0.8183042428927341, 0.9626283907558397, 0.8098054857574514, 0.7421524755121888, 0.8139781525333118, 0.7386989084883974, 0.8825462219347713, 0.9412398143021561, 0.8912888606008872, 0.9504460073973859, 0.8128835311322693, 0.8480884215047613, 0.7580235221918058, 0.867887493551958, 0.8774068019304357, 0.7403078787821256, 0.8551931807259079, 0.8162585811586492, 0.8485532970229637, 0.827845026948451, 0.8100779132177767, 0.7186219952860249, 0.8734406449924997, 0.6610884624527184, 0.6969038186372882, 0.7919573372050646, 0.4538913122673381, 0.8088365245026948, 0.6801427565743443, 0.779115582641194, 0.7823192096154322, 0.6013871797318364, 0.6241306402844531, 0.5550002304256353]",0.838546082780973,alert,,"[1.65013791e+09 1.65013791e+09 1.65013791e+09 1.65013791e+09
 1.65013791e+09 1.65013791e+09 1.65013791e+09 1.65013791e+09
 1.65013791e+09 1.65013791e+09 1.65013791e+09 1.65013791e+09
 1.65013791e+09 1.65013791e+09 1.65013791e+09 1.65013791e+09
 1.65013791e+09 1.65013791e+09 1.65013791e+09 1.65013791e+09
 1.65013792e+09 1.65013792e+09 1.65013792e+09 1.65013792e+09
 1.65013792e+09 1.65013792e+09 1.65013792e+09 1.65013792e+09
 1.65013792e+09 1.65013792e+09 1.65013792e+09 1.65013792e+09
 1.65013792e+09 1.65013792e+09 1.65013792e+09 1.65013792e+09
 1.65013792e+09 1.65013792e+09 1.65013792e+09 1.65013792e+09
 1.65013792e+09 1.65013792e+09 1.65013792e+09 1.65013792e+09
 1.65013792e+09 1.65013792e+09 1.65013792e+09 1.65013792e+09
 1.65013792e+09 1.65013792e+09 1.65013792e+09 1.65013792e+09
 1.65013792e+09 1.65013792e+09 1.65013792e+09 1.65013792e+09
 1.65013792e+09 1.65013792e+09 1.65013792e+09 1.65013792e+09
 1.65013792e+09 1.65013792e+09 1.65013792e+09 1.65013792e+09
 1.65013792e+09 1.65013792e+09 1.65013792e+09 1.65013792e+09
 1.65013792e+09 1.65013792e+09 1.65013792e+09 1.65013792e+09
 1.65013792e+09 1.65013792e+09 1.65013792e+09 1.65013792e+09
 1.65013792e+09 1.65013792e+09 1.65013792e+09 1.65013792e+09
 1.65013792e+09 1.65013792e+09 1.65013792e+09 1.65013792e+09
 1.65013792e+09 1.65013792e+09 1.65013792e+09 1.65013792e+09
 1.65013792e+09 1.65013792e+09 1.65013792e+09 1.65013792e+09
 1.65013792e+09 1.65013792e+09 1.65013792e+09 1.65013792e+09
 1.65013792e+09 1.65013792e+09 1.65013792e+09 1.65013792e+09
 1.65013792e+09 1.65013792e+09 1.65013792e+09 1.65013792e+09
 1.65013792e+09 1.65013792e+09 1.65013792e+09 1.65013792e+09]"
